@lukyNUbandung,@andrysyachroni,@JandwikhaRahayu,@mygracepa,@buldande,@pipieto,@muhnul123,@Sjteddy1,@RECOVERADIO,@donihadipurnomo,@FitRadioBandung,@akoemala,@bagaskorosudiro,@unagi_inuu,@Info_dari_Anda,@AmarulYusron,@nurbachrudin1,@ElshintaTegal_
@henry_ogi,@noja_zuhaidha,@rezacasmita17,@ardi54380721,@tengklenyit,@HangAkmal,@ciungwanara59,@IanSalim,@RECOVERADIO,@atheje,@BeritaSUKOHARJO,@alambaskoroke4,@muhamma50067457,@2satusembilan,@meawmommy,@MustofaSmith,@rhinocerosandro,@ElshintaTegal_
@deaboy1,@salahsambungya,@balangijo2020,@mistermisterNO,@DaniMaliq,@ibudari3R,@firdamar34,@edorusia,@Ahmad49974454,@IsmaeAja,@Psyche20202,@Tika_Sudrajat97,@johny2b,@SantaPradana,@BagusRTNews,@hocchin,@trierodex,@AbolichdZ,@99Lidhe
@ghietmawaddah,@syafrudin76,@MethaHerwandi,@BeauTy_MiST,@intanalyze,@h4850ro,@EdwarFeggy,@momyrima,@arer_inst,@luriahaha,@erwinpanggabean,@f_indryani,@faridariadno,@Top69_man,@muhamma50067457,@Arif_Bijksn,@aqratea
@danayaas,@clearholder88,@_fahmi19,@alphabillllll,@nuytarigan,@ndulski,@chris_chang09,@IlhamRizaldi17,@Wanna13160567,@dwidjodito,@eggsic,@Sjteddy1,@dekabadai_28,@mutajir_mohamat,@BertaDwita,@intreelude,@FitRadioBandung,@LianaGaol,@moh_jonatan
@CenHandoko,@dsputraa2nd,@Banggajtg,@aespa49260960,@wurimiraw,@nurmiafiatun,@fasyafahlefi,@Izzapratama1,@BambangNindito,@Alva47831808,@tyarsibarani,@Bp_HasbiJunaedi,@ravozelaerwin,@YYenira,@chabians,@noufaaal,@onggieherewego,@apandi94,@IniPamulang,@IningNashin
@sbyfess,@irul_1897,@ProkopimMabar,@SsstMynameindra,@SugavSumina,@garrettpopkorn,@Dennaga,@AbizarRawk,@Sonillionaire,@AnakBabeGw,@nonAngie,@GraceBarends1,@rizalkangitu,@FreddyIndrawan
@sbyfess,@happycooking_,@T14503NG,@nanapoenya63,@NJKamka,@redywanjames,@agus_abdulah,@eriestoctavist,@crizph1,@BeritaSUKOHARJO,@fourydikha,@NurHarjanti,@renovachoandy,@bindunada
@sbyfess,@TomJerry525,@yovander007,@Mr_Combro_Bro,@bangwin007,@senandung_sajak,@ElshintaSby,@JoenMaristo,@CuaLadh,@Andreas_AdyM,@fauziremon,@AnakBabeGw,@mygracepa,@muhammad_zuhdan
@sbyfess,@ElshintaTegal_,@eelezha,@SupriYa00798874,@RamliRizal,@SupriYa66492702,@ide2nesia2,@Sahabat_Bangsa,@supriadi_nana,@Masdjodi1,@owimamen666,@SupriYa83385330,@SupriYa98075718,@MarieBerubah,@dnyn_ee,@AJazuli5
@sbyfess,@ElshintaTegal_,@Sjteddy1,@codingfess,@yusufgunawan,@Froosch,@atmaja_andi,@AndiMONTY,@taofan_pratama,@satiapratiwi,@aliakbarbukhori,@bkuntjoro,@felix57,@Na_Aleeya,@sayfudinendo,@SweetBlackpool,@FalNdaru,@15cat_lady
